0,0,0,30,45,30
0,0,0,29,44,29
0,0,0,28,43,28
0,0,0,27,42,27
0,0,0,26,41,26
0,0,0,25,40,25
0,0,0,24,39,24
0,0,0,23,38,23
0,0,0,22,37,22
0,0,0,21,36,21
0,0,0,20,35,20
0,0,0,19,34,19
0,0,0,18,33,18
0,0,0,17,32,17
0,0,0,16,31,16
0,0,0,15,30,15
0,0,0,14,29,14
0,0,0,13,28,13
0,0,0,12,27,12
0,0,0,11,26,11
0,0,0,10,25,10
0,0,0,9,24,9
0,0,0,8,23,8
0,0,0,7,22,7
0,0,0,6,21,6
0,0,0,5,20,5
0,0,0,4,19,4
0,0,0,3,18,3
0,0,0,2,17,2
0,0,0,1,16,1
0,0,14,44,59,44
0,0,13,43,58,43
0,0,12,42,57,42
0,0,11,41,56,41
0,0,10,40,55,40
0,0,9,39,54,39
0,0,8,38,53,38
0,0,7,37,52,37
0,0,6,36,51,36
0,0,5,35,50,35
0,0,4,34,49,34
0,0,3,33,48,33
0,0,2,32,47,32
0,0,1,31,46,31
13,0,27,57,72,57
12,0,26,56,71,56
11,0,25,55,70,55
10,0,24,54,69,54
9,0,23,53,68,53
8,0,22,52,67,52
7,0,21,51,66,51
6,0,20,50,65,50
5,0,19,49,64,49
4,0,18,48,63,48
3,0,17,47,62,47
2,0,16,46,61,46
1,0,15,45,60,45
61,48,75,105,120,105
30,0,45,0,0,30
29,0,44,0,0,29
28,0,43,0,0,28
27,0,42,0,0,27
26,0,41,0,0,26
25,0,40,0,0,25
24,0,39,0,0,24
23,0,38,0,0,23
22,0,37,0,0,22
21,0,36,0,0,21
20,0,35,0,0,20
19,0,34,0,0,19
18,0,33,0,0,18
17,0,32,0,0,17
16,0,31,0,0,16
15,0,30,0,0,15
14,0,29,0,0,14
13,0,28,0,0,13
12,0,27,0,0,12
11,0,26,0,0,11
10,0,25,0,0,10
9,0,24,0,0,9
8,0,23,0,0,8
7,0,22,0,0,7
6,0,21,0,0,6
5,0,20,0,0,5
4,0,19,0,0,4
3,0,18,0,0,3
2,0,17,0,0,2
1,0,16,0,0,1
44,0,59,0,14,14
43,0,58,0,13,13
42,0,57,0,12,12
41,0,56,0,11,11
40,0,55,0,10,10
39,0,54,0,9,9
38,0,53,0,8,8
37,0,52,0,7,7
36,0,51,0,6,6
35,0,50,0,5,5
34,0,49,0,4,4
33,0,48,0,3,3
32,0,47,0,2,2
31,0,46,0,1,1
57,13,72,0,27,13
56,12,71,0,26,12
55,11,70,0,25,11
54,10,69,0,24,10
53,9,68,0,23,9
52,8,67,0,22,8
51,7,66,0,21,7
50,6,65,0,20,6
49,5,64,0,19,5
48,4,63,0,18,4
47,3,62,0,17,3
46,2,61,0,16,2
45,1,60,0,15,1
105,61,120,48,75,120
0,30,0,0,50,30
0,29,0,0,49,29
0,28,0,0,48,28
0,27,0,0,47,27
0,26,0,0,46,26
0,25,0,0,45,25
0,24,0,0,44,24
0,23,0,0,43,23
0,22,0,0,42,22
0,21,0,0,41,21
0,20,0,0,40,20
0,19,0,0,39,19
0,18,0,0,38,18
0,17,0,0,37,17
0,16,0,0,36,16
0,15,0,0,35,15
0,14,0,0,34,14
0,13,0,0,33,13
0,12,0,0,32,12
0,11,0,0,31,11
0,10,0,0,30,10
0,9,0,0,29,9
0,8,0,0,28,8
0,7,0,0,27,7
0,6,0,0,26,6
0,5,0,0,25,5
0,4,0,0,24,4
0,3,0,0,23,3
0,2,0,0,22,2
0,1,0,0,21,1
0,42,12,0,62,12
0,41,11,0,61,11
0,40,10,0,60,10
0,39,9,0,59,9
0,38,8,0,58,8
0,37,7,0,57,7
0,36,6,0,56,6
0,35,5,0,55,5
0,34,4,0,54,4
0,33,3,0,53,3
0,32,2,0,52,2
0,31,1,0,51,1
0,50,20,8,70,8
0,49,19,7,69,7
0,48,18,6,68,6
0,47,17,5,67,5
0,46,16,4,66,4
0,45,15,3,65,3
0,44,14,2,64,2
0,43,13,1,63,1
35,85,55,43,105,85
0,0,0,30,42,30
0,0,0,29,41,29
0,0,0,28,40,28
0,0,0,27,39,27
0,0,0,26,38,26
0,0,0,25,37,25
0,0,0,24,36,24
0,0,0,23,35,23
0,0,0,22,34,22
0,0,0,21,33,21
0,0,0,20,32,20
0,0,0,19,31,19
0,0,0,18,30,18
0,0,0,17,29,17
0,0,0,16,28,16
0,0,0,15,27,15
0,0,0,14,26,14
0,0,0,13,25,13
0,0,0,12,24,12
0,0,0,11,23,11
0,0,0,10,22,10
0,0,0,9,21,9
0,0,0,8,20,8
0,0,0,7,19,7
0,0,0,6,18,6
0,0,0,5,17,5
0,0,0,4,16,4
0,0,0,3,15,3
0,0,0,2,14,2
0,0,0,1,13,1
0,0,5,35,47,35
0,0,4,34,46,34
0,0,3,33,45,33
0,0,2,32,44,32
0,0,1,31,43,31
0,15,20,50,62,50
0,14,19,49,61,49
0,13,18,48,60,48
0,12,17,47,59,47
0,11,16,46,58,46
0,10,15,45,57,45
0,9,14,44,56,44
0,8,13,43,55,43
0,7,12,42,54,42
0,6,11,41,53,41
0,5,10,40,52,40
0,4,9,39,51,39
0,3,8,38,50,38
0,2,7,37,49,37
0,1,6,36,48,36
40,55,60,90,102,90
0,0,0,35,47,35
0,0,0,34,46,34
0,0,0,33,45,33
0,0,0,32,44,32
0,0,0,31,43,31
0,15,0,50,62,50
0,14,0,49,61,49
0,13,0,48,60,48
0,12,0,47,59,47
0,11,0,46,58,46
0,10,0,45,57,45
0,9,0,44,56,44
0,8,0,43,55,43
0,7,0,42,54,42
0,6,0,41,53,41
0,5,0,40,52,40
0,4,0,39,51,39
0,3,0,38,50,38
0,2,0,37,49,37
0,1,0,36,48,36
38,53,0,88,100,88
37,52,0,87,99,87
36,51,0,86,98,86
35,50,0,85,97,85
34,49,0,84,96,84
33,48,0,83,95,83
32,47,0,82,94,82
31,46,0,81,93,81
30,45,0,80,92,80
29,44,0,79,91,79
28,43,0,78,90,78
27,42,0,77,89,77
26,41,0,76,88,76
25,40,0,75,87,75
24,39,0,74,86,74
23,38,0,73,85,73
22,37,0,72,84,72
21,36,0,71,83,71
20,35,0,70,82,70
19,34,0,69,81,69
18,33,0,68,80,68
17,32,0,67,79,67
16,31,0,66,78,66
15,30,0,65,77,65
14,29,0,64,76,64
13,28,0,63,75,63
12,27,0,62,74,62
11,26,0,61,73,61
10,25,0,60,72,60
9,24,0,59,71,59
8,23,0,58,70,58
7,22,0,57,69,57
6,21,0,56,68,56
5,20,0,55,67,55
4,19,0,54,66,54
3,18,0,53,65,53
2,17,0,52,64,52
1,16,0,51,63,51
40,55,2,90,102,2
0,0,0,12,154,12
0,0,0,11,153,11
0,0,0,10,152,10
0,0,0,9,151,9
0,0,0,8,150,8
0,0,0,7,149,7
0,0,0,6,148,6
0,0,0,5,147,5
0,0,0,4,146,4
0,0,0,3,145,3
0,0,0,2,144,2
0,0,0,1,143,1
0,32,0,67,209,67
0,0,0,35,177,35
0,0,0,34,176,34
0,0,0,33,175,33
0,0,0,32,174,32
0,0,0,31,173,31
0,0,0,30,172,30
0,0,0,29,171,29
0,0,0,28,170,28
0,0,0,27,169,27
0,0,0,26,168,26
0,0,0,25,167,25
0,0,0,24,166,24
0,0,0,23,165,23
0,0,0,22,164,22
0,0,0,21,163,21
0,0,0,20,162,20
0,0,0,19,161,19
0,0,0,18,160,18
0,0,0,17,159,17
0,0,0,16,158,16
0,0,0,15,157,15
0,0,0,14,156,14
0,0,0,13,155,13
0,31,0,66,208,66
0,30,0,65,207,65
0,29,0,64,206,64
0,28,0,63,205,63
0,27,0,62,204,62
0,26,0,61,203,61
0,25,0,60,202,60
0,24,0,59,201,59
0,23,0,58,200,58
0,22,0,57,199,57
0,21,0,56,198,56
0,20,0,55,197,55
0,19,0,54,196,54
0,18,0,53,195,53
0,17,0,52,194,52
0,16,0,51,193,51
0,15,0,50,192,50
0,14,0,49,191,49
0,13,0,48,190,48
0,12,0,47,189,47
0,11,0,46,188,46
0,10,0,45,187,45
0,9,0,44,186,44
0,8,0,43,185,43
0,7,0,42,184,42
0,6,0,41,183,41
0,5,0,40,182,40
0,4,0,39,181,39
0,3,0,38,180,38
0,2,0,37,179,37
0,1,0,36,178,36
9,52,0,87,229,87
0,43,0,78,220,78
0,42,0,77,219,77
0,41,0,76,218,76
0,40,0,75,217,75
0,39,0,74,216,74
0,38,0,73,215,73
0,37,0,72,214,72
0,36,0,71,213,71
0,35,0,70,212,70
0,34,0,69,211,69
0,33,0,68,210,68
8,51,0,86,228,86
7,50,0,85,227,85
6,49,0,84,226,84
5,48,0,83,225,83
4,47,0,82,224,82
3,46,0,81,223,81
2,45,0,80,222,80
1,44,0,79,221,79
12,55,2,90,232,2
57,0,0,0,137,57
56,0,0,0,136,56
55,0,0,0,135,55
54,0,0,0,134,54
53,0,0,0,133,53
52,0,0,0,132,52
51,0,0,0,131,51
50,0,0,0,130,50
49,0,0,0,129,49
48,0,0,0,128,48
47,0,0,0,127,47
46,0,0,0,126,46
45,0,0,0,125,45
44,0,0,0,124,44
43,0,0,0,123,43
42,0,0,0,122,42
41,0,0,0,121,41
40,0,0,0,120,40
39,0,0,0,119,39
38,0,0,0,118,38
37,0,0,0,117,37
36,0,0,0,116,36
35,0,0,0,115,35
34,0,0,0,114,34
33,0,0,0,113,33
32,0,0,0,112,32
31,0,0,0,111,31
30,0,0,0,110,30
29,0,0,0,109,29
28,0,0,0,108,28
27,0,0,0,107,27
26,0,0,0,106,26
25,0,0,0,105,25
24,0,0,0,104,24
23,0,0,0,103,23
22,0,0,0,102,22
21,0,0,0,101,21
20,0,0,0,100,20
19,0,0,0,99,19
18,0,0,0,98,18
17,0,0,0,97,17
16,0,0,0,96,16
15,0,0,0,95,15
14,0,0,0,94,14
13,0,0,0,93,13
12,0,0,0,92,12
11,0,0,0,91,11
10,0,0,0,90,10
9,0,0,0,89,9
8,0,0,0,88,8
7,0,0,0,87,7
6,0,0,0,86,6
5,0,0,0,85,5
4,0,0,0,84,4
3,0,0,0,83,3
2,0,0,0,82,2
1,0,0,0,81,1
132,75,0,0,212,132
131,74,0,0,211,131
130,73,0,0,210,130
129,72,0,0,209,129
128,71,0,0,208,128
127,70,0,0,207,127
126,69,0,0,206,126
125,68,0,0,205,125
124,67,0,0,204,124
123,66,0,0,203,123
122,65,0,0,202,122
121,64,0,0,201,121
120,63,0,0,200,120
119,62,0,0,199,119
118,61,0,0,198,118
117,60,0,0,197,117
116,59,0,0,196,116
115,58,0,0,195,115
114,57,0,0,194,114
113,56,0,0,193,113
112,55,0,0,192,112
111,54,0,0,191,111
110,53,0,0,190,110
109,52,0,0,189,109
108,51,0,0,188,108
107,50,0,0,187,107
106,49,0,0,186,106
105,48,0,0,185,105
104,47,0,0,184,104
103,46,0,0,183,103
102,45,0,0,182,102
101,44,0,0,181,101
100,43,0,0,180,100
99,42,0,0,179,99
98,41,0,0,178,98
97,40,0,0,177,97
96,39,0,0,176,96
95,38,0,0,175,95
94,37,0,0,174,94
93,36,0,0,173,93
92,35,0,0,172,92
91,34,0,0,171,91
90,33,0,0,170,90
89,32,0,0,169,89
88,31,0,0,168,88
87,30,0,0,167,87
86,29,0,0,166,86
85,28,0,0,165,28
84,27,0,0,164,27
83,26,0,0,163,26
82,25,0,0,162,25
81,24,0,0,161,24
80,23,0,0,160,23
79,22,0,0,159,22
78,21,0,0,158,21
77,20,0,0,157,20
76,19,0,0,156,19
75,18,0,0,155,18
74,17,0,0,154,17
73,16,0,0,153,16
72,15,0,0,152,15
71,14,0,0,151,14
70,13,0,0,150,13
69,12,0,0,149,12
68,11,0,0,148,11
67,10,0,0,147,10
66,9,0,0,146,9
65,8,0,0,145,8
64,7,0,0,144,7
63,6,0,0,143,6
62,5,0,0,142,5
61,4,0,0,141,4
60,3,0,0,140,3
59,2,0,0,139,2
58,1,0,0,138,1
150,93,0,18,230,18
149,92,0,17,229,17
148,91,0,16,228,16
147,90,0,15,227,15
146,89,0,14,226,14
145,88,0,13,225,13
144,87,0,12,224,12
143,86,0,11,223,11
142,85,0,10,222,10
141,84,0,9,221,9
140,83,0,8,220,8
139,82,0,7,219,7
138,81,0,6,218,6
137,80,0,5,217,5
136,79,0,4,216,4
135,78,0,3,215,3
134,77,0,2,214,2
133,76,0,1,213,1
152,95,2,20,232,2
1,0,0,81,0,1
2,0,0,82,0,2
3,0,0,83,0,3
4,0,0,84,0,4
5,0,0,85,0,5
6,0,0,86,0,6
7,0,0,87,0,7
8,0,0,88,0,8
9,0,0,89,0,9
10,0,0,90,0,10
11,0,0,91,0,11
12,0,0,92,0,12
13,0,0,93,0,13
14,0,0,94,0,14
15,0,0,95,0,15
16,0,0,96,0,16
17,0,0,97,0,17
18,0,0,98,0,18
19,0,0,99,0,19
57,0,0,137,0,57
56,0,0,136,0,56
55,0,0,135,0,55
54,0,0,134,0,54
53,0,0,133,0,53
52,0,0,132,0,52
51,0,0,131,0,51
50,0,0,130,0,50
49,0,0,129,0,49
48,0,0,128,0,48
47,0,0,127,0,47
46,0,0,126,0,46
45,0,0,125,0,45
44,0,0,124,0,44
43,0,0,123,0,43
42,0,0,122,0,42
41,0,0,121,0,41
40,0,0,120,0,40
39,0,0,119,0,39
38,0,0,118,0,38
37,0,0,117,0,37
36,0,0,116,0,36
35,0,0,115,0,35
34,0,0,114,0,34
33,0,0,113,0,33
32,0,0,112,0,32
31,0,0,111,0,31
30,0,0,110,0,30
29,0,0,109,0,29
28,0,0,108,0,28
27,0,0,107,0,27
26,0,0,106,0,26
25,0,0,105,0,25
24,0,0,104,0,24
23,0,0,103,0,23
22,0,0,102,0,22
21,0,0,101,0,21
20,0,0,100,0,20
98,41,0,178,0,98
97,40,0,177,0,97
96,39,0,176,0,96
95,38,0,175,0,95
94,37,0,174,0,94
93,36,0,173,0,93
92,35,0,172,0,92
91,34,0,171,0,91
90,33,0,170,0,90
89,32,0,169,0,89
88,31,0,168,0,88
87,30,0,167,0,87
86,29,0,166,0,86
85,28,0,165,0,28
84,27,0,164,0,27
83,26,0,163,0,26
82,25,0,162,0,25
81,24,0,161,0,24
80,23,0,160,0,23
79,22,0,159,0,22
78,21,0,158,0,21
77,20,0,157,0,20
76,19,0,156,0,19
75,18,0,155,0,18
74,17,0,154,0,17
73,16,0,153,0,16
72,15,0,152,0,15
71,14,0,151,0,14
70,13,0,150,0,13
69,12,0,149,0,12
68,11,0,148,0,11
67,10,0,147,0,10
66,9,0,146,0,9
65,8,0,145,0,8
64,7,0,144,0,7
63,6,0,143,0,6
62,5,0,142,0,5
61,4,0,141,0,4
60,3,0,140,0,3
59,2,0,139,0,2
58,1,0,138,0,1
140,83,42,220,0,140
139,82,41,219,0,139
138,81,40,218,0,138
137,80,39,217,0,137
136,79,38,216,0,136
135,78,37,215,0,135
134,77,36,214,0,134
133,76,35,213,0,133
132,75,34,212,0,132
131,74,33,211,0,131
130,73,32,210,0,130
129,72,31,209,0,129
128,71,30,208,0,128
127,70,29,207,0,127
126,69,28,206,0,126
125,68,27,205,0,27
124,67,26,204,0,26
123,66,25,203,0,25
122,65,24,202,0,24
121,64,23,201,0,23
120,63,22,200,0,22
119,62,21,199,0,21
118,61,20,198,0,20
117,60,19,197,0,19
116,59,18,196,0,18
115,58,17,195,0,17
114,57,16,194,0,16
113,56,15,193,0,15
112,55,14,192,0,14
111,54,13,191,0,13
110,53,12,190,0,12
109,52,11,189,0,11
108,51,10,188,0,10
107,50,9,187,0,9
106,49,8,186,0,8
105,48,7,185,0,7
104,47,6,184,0,6
103,46,5,183,0,5
102,45,4,182,0,4
101,44,3,181,0,3
100,43,2,180,0,2
99,42,1,179,0,1
152,95,54,232,12,12
56,0,0,137,0,56
55,0,0,136,0,55
54,0,0,135,0,54
53,0,0,134,0,53
52,0,0,133,0,52
51,0,0,132,0,51
50,0,0,131,0,50
49,0,0,130,0,49
48,0,0,129,0,48
47,0,0,128,0,47
46,0,0,127,0,46
45,0,0,126,0,45
44,0,0,125,0,44
43,0,0,124,0,43
42,0,0,123,0,42
41,0,0,122,0,41
40,0,0,121,0,40
39,0,0,120,0,39
38,0,0,119,0,38
37,0,0,118,0,37
36,0,0,117,0,36
35,0,0,116,0,35
34,0,0,115,0,34
33,0,0,114,0,33
32,0,0,113,0,32
31,0,0,112,0,31
30,0,0,111,0,30
29,0,0,110,0,29
28,0,0,109,0,28
27,0,0,108,0,27
26,0,0,107,0,26
25,0,0,106,0,25
24,0,0,105,0,24
23,0,0,104,0,23
22,0,0,103,0,22
21,0,0,102,0,21
20,0,0,101,0,20
19,0,0,100,0,19
18,0,0,99,0,18
17,0,0,98,0,17
16,0,0,97,0,16
15,0,0,96,0,15
14,0,0,95,0,14
13,0,0,94,0,13
12,0,0,93,0,12
11,0,0,92,0,11
10,0,0,91,0,10
9,0,0,90,0,9
8,0,0,89,0,8
7,0,0,88,0,7
6,0,0,87,0,6
5,0,0,86,0,5
4,0,0,85,0,4
3,0,0,84,0,3
2,0,0,83,0,2
1,0,0,82,0,1
97,41,0,178,0,97
96,40,0,177,0,96
95,39,0,176,0,95
94,38,0,175,0,94
93,37,0,174,0,93
92,36,0,173,0,92
91,35,0,172,0,91
90,34,0,171,0,90
89,33,0,170,0,89
88,32,0,169,0,88
87,31,0,168,0,87
86,30,0,167,0,86
85,29,0,166,0,85
84,28,0,165,0,28
83,27,0,164,0,27
82,26,0,163,0,26
81,25,0,162,0,25
80,24,0,161,0,24
79,23,0,160,0,23
78,22,0,159,0,22
77,21,0,158,0,21
76,20,0,157,0,20
75,19,0,156,0,19
74,18,0,155,0,18
73,17,0,154,0,17
72,16,0,153,0,16
71,15,0,152,0,15
70,14,0,151,0,14
69,13,0,150,0,13
68,12,0,149,0,12
67,11,0,148,0,11
66,10,0,147,0,10
65,9,0,146,0,9
64,8,0,145,0,8
63,7,0,144,0,7
62,6,0,143,0,6
61,5,0,142,0,5
60,4,0,141,0,4
59,3,0,140,0,3
58,2,0,139,0,2
57,1,0,138,0,1
139,83,42,220,0,139
138,82,41,219,0,138
137,81,40,218,0,137
136,80,39,217,0,136
135,79,38,216,0,135
134,78,37,215,0,134
133,77,36,214,0,133
132,76,35,213,0,132
131,75,34,212,0,131
130,74,33,211,0,130
129,73,32,210,0,129
128,72,31,209,0,128
127,71,30,208,0,127
126,70,29,207,0,126
125,69,28,206,0,125
124,68,27,205,0,27
123,67,26,204,0,26
122,66,25,203,0,25
121,65,24,202,0,24
120,64,23,201,0,23
119,63,22,200,0,22
118,62,21,199,0,21
117,61,20,198,0,20
116,60,19,197,0,19
115,59,18,196,0,18
114,58,17,195,0,17
113,57,16,194,0,16
112,56,15,193,0,15
111,55,14,192,0,14
110,54,13,191,0,13
109,53,12,190,0,12
108,52,11,189,0,11
107,51,10,188,0,10
106,50,9,187,0,9
105,49,8,186,0,8
104,48,7,185,0,7
103,47,6,184,0,6
102,46,5,183,0,5
101,45,4,182,0,4
100,44,3,181,0,3
99,43,2,180,0,2
98,42,1,179,0,1
151,95,54,232,12,12
57,0,0,138,0,57
97,40,0,178,0,97
96,39,0,177,0,96
95,38,0,176,0,95
94,37,0,175,0,94
93,36,0,174,0,93
92,35,0,173,0,92
91,34,0,172,0,91
90,33,0,171,0,90
89,32,0,170,0,89
88,31,0,169,0,88
87,30,0,168,0,87
86,29,0,167,0,86
85,28,0,166,0,28
84,27,0,165,0,27
83,26,0,164,0,26
82,25,0,163,0,25
81,24,0,162,0,24
80,23,0,161,0,23
79,22,0,160,0,22
78,21,0,159,0,21
77,20,0,158,0,20
76,19,0,157,0,19
75,18,0,156,0,18
74,17,0,155,0,17
73,16,0,154,0,16
72,15,0,153,0,15
71,14,0,152,0,14
70,13,0,151,0,13
69,12,0,150,0,12
68,11,0,149,0,11
67,10,0,148,0,10
66,9,0,147,0,9
65,8,0,146,0,8
64,7,0,145,0,7
63,6,0,144,0,6
62,5,0,143,0,5
61,4,0,142,0,4
60,3,0,141,0,3
59,2,0,140,0,2
58,1,0,139,0,1
139,82,42,220,0,139
138,81,41,219,0,138
137,80,40,218,0,137
136,79,39,217,0,136
135,78,38,216,0,135
134,77,37,215,0,134
133,76,36,214,0,133
132,75,35,213,0,132
131,74,34,212,0,131
130,73,33,211,0,130
129,72,32,210,0,129
128,71,31,209,0,128
127,70,30,208,0,127
126,69,29,207,0,126
125,68,28,206,0,125
124,67,27,205,0,27
123,66,26,204,0,26
122,65,25,203,0,25
121,64,24,202,0,24
120,63,23,201,0,23
119,62,22,200,0,22
118,61,21,199,0,21
117,60,20,198,0,20
116,59,19,197,0,19
115,58,18,196,0,18
114,57,17,195,0,17
113,56,16,194,0,16
112,55,15,193,0,15
111,54,14,192,0,14
110,53,13,191,0,13
109,52,12,190,0,12
108,51,11,189,0,11
107,50,10,188,0,10
106,49,9,187,0,9
105,48,8,186,0,8
104,47,7,185,0,7
103,46,6,184,0,6
102,45,5,183,0,5
101,44,4,182,0,4
100,43,3,181,0,3
99,42,2,180,0,2
98,41,1,179,0,1
151,94,54,232,12,12
98,41,0,179,0,98
139,82,41,220,0,139
138,81,40,219,0,138
137,80,39,218,0,137
136,79,38,217,0,136
135,78,37,216,0,135
134,77,36,215,0,134
133,76,35,214,0,133
132,75,34,213,0,132
131,74,33,212,0,131
130,73,32,211,0,130
129,72,31,210,0,129
128,71,30,209,0,128
127,70,29,208,0,127
126,69,28,207,0,126
125,68,27,206,0,27
124,67,26,205,0,26
123,66,25,204,0,25
122,65,24,203,0,24
121,64,23,202,0,23
120,63,22,201,0,22
119,62,21,200,0,21
118,61,20,199,0,20
117,60,19,198,0,19
116,59,18,197,0,18
115,58,17,196,0,17
114,57,16,195,0,16
113,56,15,194,0,15
112,55,14,193,0,14
111,54,13,192,0,13
110,53,12,191,0,12
109,52,11,190,0,11
108,51,10,189,0,10
107,50,9,188,0,9
106,49,8,187,0,8
105,48,7,186,0,7
104,47,6,185,0,6
103,46,5,184,0,5
102,45,4,183,0,4
101,44,3,182,0,3
100,43,2,181,0,2
99,42,1,180,0,1
151,94,53,232,12,12
140,83,0,220,0,140
139,82,0,219,0,139
138,81,0,218,0,138
137,80,0,217,0,137
136,79,0,216,0,136
135,78,0,215,0,135
134,77,0,214,0,134
133,76,0,213,0,133
132,75,0,212,0,132
131,74,0,211,0,131
130,73,0,210,0,130
129,72,0,209,0,129
128,71,0,208,0,128
127,70,0,207,0,127
126,69,0,206,0,126
125,68,0,205,0,125
124,67,0,204,0,124
123,66,0,203,0,123
122,65,0,202,0,122
121,64,0,201,0,121
120,63,0,200,0,120
119,62,0,199,0,119
118,61,0,198,0,118
117,60,0,197,0,117
116,59,0,196,0,116
115,58,0,195,0,115
114,57,0,194,0,114
113,56,0,193,0,113
112,55,0,192,0,112
111,54,0,191,0,111
110,53,0,190,0,110
109,52,0,189,0,109
108,51,0,188,0,108
107,50,0,187,0,107
106,49,0,186,0,106
105,48,0,185,0,105
104,47,0,184,0,104
103,46,0,183,0,103
102,45,0,182,0,102
101,44,0,181,0,101
100,43,0,180,0,100
99,42,0,179,0,99
151,94,0,231,11,11
150,93,0,230,10,10
149,92,0,229,9,9
148,91,0,228,8,8
147,90,0,227,7,7
146,89,0,226,6,6
145,88,0,225,5,5
144,87,0,224,4,4
143,86,0,223,3,3
142,85,0,222,2,2
141,84,0,221,1,1
152,95,1,232,12,1
0,0,57,137,0,57
0,0,56,136,0,56
0,0,55,135,0,55
0,0,54,134,0,54
0,0,53,133,0,53
0,0,52,132,0,52
0,0,51,131,0,51
0,0,50,130,0,50
0,0,49,129,0,49
0,0,48,128,0,48
0,0,47,127,0,47
0,0,46,126,0,46
0,0,45,125,0,45
0,0,44,124,0,44
0,0,43,123,0,43
0,0,42,122,0,42
0,0,41,121,0,41
0,0,40,120,0,40
0,0,39,119,0,39
0,0,38,118,0,38
0,0,37,117,0,37
0,0,36,116,0,36
0,0,35,115,0,35
0,0,34,114,0,34
0,0,33,113,0,33
0,0,32,112,0,32
0,0,31,111,0,31
0,0,30,110,0,30
0,0,29,109,0,29
0,0,28,108,0,28
0,0,27,107,0,27
0,0,26,106,0,26
0,0,25,105,0,25
0,0,24,104,0,24
0,0,23,103,0,23
0,0,22,102,0,22
0,0,21,101,0,21
0,0,20,100,0,20
0,0,19,99,0,19
0,0,18,98,0,18
0,0,17,97,0,17
0,0,16,96,0,16
0,0,15,95,0,15
0,0,14,94,0,14
0,0,13,93,0,13
0,0,12,92,0,12
0,0,11,91,0,11
0,0,10,90,0,10
0,0,9,89,0,9
0,0,8,88,0,8
0,0,7,87,0,7
0,0,6,86,0,6
0,0,5,85,0,5
0,0,4,84,0,4
0,0,3,83,0,3
0,0,2,82,0,2
0,0,1,81,0,1
0,0,140,220,83,220
0,0,139,219,82,219
0,0,138,218,81,218
0,0,137,217,80,137
0,0,136,216,79,136
0,0,135,215,78,135
0,0,134,214,77,134
0,0,133,213,76,133
0,0,132,212,75,132
0,0,131,211,74,131
0,0,130,210,73,130
0,0,129,209,72,129
0,0,128,208,71,128
0,0,127,207,70,127
0,0,126,206,69,126
0,0,125,205,68,125
0,0,124,204,67,124
0,0,123,203,66,123
0,0,122,202,65,122
0,0,121,201,64,121
0,0,120,200,63,120
0,0,119,199,62,119
0,0,118,198,61,118
0,0,117,197,60,117
0,0,116,196,59,116
0,0,115,195,58,115
0,0,114,194,57,57
0,0,113,193,56,56
0,0,112,192,55,55
0,0,111,191,54,54
0,0,110,190,53,53
0,0,109,189,52,52
0,0,108,188,51,51
0,0,107,187,50,50
0,0,106,186,49,49
0,0,105,185,48,48
0,0,104,184,47,47
0,0,103,183,46,46
0,0,102,182,45,45
0,0,101,181,44,44
0,0,100,180,43,43
0,0,99,179,42,42
0,0,98,178,41,41
0,0,97,177,40,40
0,0,96,176,39,39
0,0,95,175,38,38
0,0,94,174,37,37
0,0,93,173,36,36
0,0,92,172,35,35
0,0,91,171,34,34
0,0,90,170,33,33
0,0,89,169,32,32
0,0,88,168,31,31
0,0,87,167,30,30
0,0,86,166,29,29
0,0,85,165,28,28
0,0,84,164,27,27
0,0,83,163,26,26
0,0,82,162,25,25
0,0,81,161,24,24
0,0,80,160,23,23
0,0,79,159,22,22
0,0,78,158,21,21
0,0,77,157,20,20
0,0,76,156,19,19
0,0,75,155,18,18
0,0,74,154,17,17
0,0,73,153,16,16
0,0,72,152,15,15
0,0,71,151,14,14
0,0,70,150,13,13
0,0,69,149,12,12
0,0,68,148,11,11
0,0,67,147,10,10
0,0,66,146,9,9
0,0,65,145,8,8
0,0,64,144,7,7
0,0,63,143,6,6
0,0,62,142,5,5
0,0,61,141,4,4
0,0,60,140,3,3
0,0,59,139,2,2
0,0,58,138,1,1
0,11,151,231,94,231
0,10,150,230,93,230
0,9,149,229,92,229
0,8,148,228,91,228
0,7,147,227,90,227
0,6,146,226,89,226
0,5,145,225,88,225
0,4,144,224,87,224
0,3,143,223,86,223
0,2,142,222,85,222
0,1,141,221,84,221
1,12,152,232,95,232
46,39,0,0,0,46
45,38,0,0,0,45
44,37,0,0,0,44
43,36,0,0,0,43
42,35,0,0,0,42
41,34,0,0,0,41
40,33,0,0,0,40
39,32,0,0,0,39
38,31,0,0,0,38
37,30,0,0,0,37
36,29,0,0,0,36
35,28,0,0,0,35
34,27,0,0,0,34
33,26,0,0,0,33
32,25,0,0,0,32
31,24,0,0,0,31
30,23,0,0,0,30
29,22,0,0,0,29
28,21,0,0,0,28
27,20,0,0,0,27
26,19,0,0,0,26
25,18,0,0,0,25
24,17,0,0,0,24
23,16,0,0,0,23
22,15,0,0,0,22
21,14,0,0,0,21
20,13,0,0,0,20
19,12,0,0,0,19
18,11,0,0,0,18
17,10,0,0,0,17
16,9,0,0,0,16
15,8,0,0,0,15
14,7,0,0,0,7
13,6,0,0,0,6
12,5,0,0,0,5
11,4,0,0,0,4
10,3,0,0,0,3
9,2,0,0,0,2
8,1,0,0,0,1
103,96,57,0,0,103
102,95,56,0,0,102
101,94,55,0,0,101
100,93,54,0,0,100
99,92,53,0,0,99
98,91,52,0,0,98
97,90,51,0,0,97
96,89,50,0,0,96
95,88,49,0,0,95
94,87,48,0,0,94
93,86,47,0,0,93
92,85,46,0,0,92
91,84,45,0,0,91
90,83,44,0,0,90
89,82,43,0,0,89
88,81,42,0,0,88
87,80,41,0,0,87
86,79,40,0,0,86
85,78,39,0,0,85
84,77,38,0,0,84
83,76,37,0,0,83
82,75,36,0,0,82
81,74,35,0,0,81
80,73,34,0,0,80
79,72,33,0,0,79
78,71,32,0,0,78
77,70,31,0,0,77
76,69,30,0,0,76
75,68,29,0,0,75
74,67,28,0,0,28
73,66,27,0,0,27
72,65,26,0,0,26
71,64,25,0,0,25
70,63,24,0,0,24
69,62,23,0,0,23
68,61,22,0,0,22
67,60,21,0,0,21
66,59,20,0,0,20
65,58,19,0,0,19
64,57,18,0,0,18
63,56,17,0,0,17
62,55,16,0,0,16
61,54,15,0,0,15
60,53,14,0,0,14
59,52,13,0,0,13
58,51,12,0,0,12
57,50,11,0,0,11
56,49,10,0,0,10
55,48,9,0,0,9
54,47,8,0,0,8
53,46,7,0,0,7
52,45,6,0,0,6
51,44,5,0,0,5
50,43,4,0,0,4
49,42,3,0,0,3
48,41,2,0,0,2
47,40,1,0,0,1
104,97,58,1,0,1
105,98,59,2,1,1
0,39,0,0,46,39
0,38,0,0,45,38
0,37,0,0,44,37
0,36,0,0,43,36
0,35,0,0,42,35
0,34,0,0,41,34
0,33,0,0,40,33
0,32,0,0,39,32
0,31,0,0,38,31
0,30,0,0,37,30
0,29,0,0,36,29
0,28,0,0,35,28
0,27,0,0,34,27
0,26,0,0,33,26
0,25,0,0,32,25
0,24,0,0,31,24
0,23,0,0,30,23
0,22,0,0,29,22
0,21,0,0,28,21
0,20,0,0,27,20
0,19,0,0,26,19
0,18,0,0,25,18
0,17,0,0,24,17
0,16,0,0,23,16
0,15,0,0,22,15
0,14,0,0,21,14
0,13,0,0,20,13
0,12,0,0,19,12
0,11,0,0,18,11
0,10,0,0,17,10
0,9,0,0,16,9
0,8,0,0,15,8
0,7,0,0,14,7
0,6,0,0,13,6
0,5,0,0,12,5
0,4,0,0,11,4
0,3,0,0,10,3
0,2,0,0,9,2
0,1,0,0,8,1
0,96,57,0,103,96
0,95,56,0,102,95
0,94,55,0,101,94
0,93,54,0,100,93
0,92,53,0,99,92
0,91,52,0,98,91
0,90,51,0,97,90
0,89,50,0,96,89
0,88,49,0,95,88
0,87,48,0,94,87
0,86,47,0,93,86
0,85,46,0,92,85
0,84,45,0,91,84
0,83,44,0,90,83
0,82,43,0,89,82
0,81,42,0,88,81
0,80,41,0,87,80
0,79,40,0,86,79
0,78,39,0,85,78
0,77,38,0,84,77
0,76,37,0,83,76
0,75,36,0,82,75
0,74,35,0,81,74
0,73,34,0,80,73
0,72,33,0,79,72
0,71,32,0,78,71
0,70,31,0,77,70
0,69,30,0,76,69
0,68,29,0,75,68
0,67,28,0,74,67
0,66,27,0,73,66
0,65,26,0,72,65
0,64,25,0,71,64
0,63,24,0,70,63
0,62,23,0,69,62
0,61,22,0,68,61
0,60,21,0,67,60
0,59,20,0,66,59
0,58,19,0,65,19
0,57,18,0,64,18
0,56,17,0,63,17
0,55,16,0,62,16
0,54,15,0,61,15
0,53,14,0,60,14
0,52,13,0,59,13
0,51,12,0,58,12
0,50,11,0,57,11
0,49,10,0,56,10
0,48,9,0,55,9
0,47,8,0,54,8
0,46,7,0,53,7
0,45,6,0,52,6
0,44,5,0,51,5
0,43,4,0,50,4
0,42,3,0,49,3
0,41,2,0,48,2
0,40,1,0,47,1
0,97,58,1,104,1
1,98,59,2,105,2
0,88,99,0,0,88
0,87,98,0,0,87
0,86,97,0,0,86
0,85,96,0,0,85
0,84,95,0,0,84
0,83,94,0,0,83
0,82,93,0,0,82
0,81,92,0,0,81
0,80,91,0,0,80
0,79,90,0,0,79
0,78,89,0,0,78
0,77,88,0,0,77
0,76,87,0,0,76
0,75,86,0,0,75
0,74,85,0,0,74
0,73,84,0,0,73
0,72,83,0,0,72
0,71,82,0,0,71
0,70,81,0,0,70
0,69,80,0,0,69
0,68,79,0,0,68
0,67,78,0,0,67
0,66,77,0,0,66
0,65,76,0,0,65
0,64,75,0,0,64
0,63,74,0,0,63
0,62,73,0,0,62
0,61,72,0,0,61
0,60,71,0,0,60
0,59,70,0,0,59
0,58,69,0,0,58
0,57,68,0,0,57
0,56,67,0,0,56
0,55,66,0,0,55
0,54,65,0,0,54
0,53,64,0,0,53
0,52,63,0,0,52
0,51,62,0,0,51
0,50,61,0,0,50
0,49,60,0,0,49
0,48,59,0,0,48
0,47,58,0,0,47
0,46,57,0,0,46
0,45,56,0,0,45
0,44,55,0,0,44
0,43,54,0,0,43
0,42,53,0,0,42
0,41,52,0,0,41
0,40,51,0,0,40
0,39,50,0,0,39
0,38,49,0,0,38
0,37,48,0,0,37
0,36,47,0,0,36
0,35,46,0,0,35
0,34,45,0,0,34
0,33,44,0,0,33
0,32,43,0,0,32
0,31,42,0,0,31
0,30,41,0,0,30
0,29,40,0,0,29
0,28,39,0,0,28
0,27,38,0,0,27
0,26,37,0,0,26
0,25,36,0,0,25
0,24,35,0,0,24
0,23,34,0,0,23
0,22,33,0,0,22
0,21,32,0,0,21
0,20,31,0,0,20
0,19,30,0,0,19
0,18,29,0,0,18
0,17,28,0,0,17
0,16,27,0,0,16
0,15,26,0,0,15
0,14,25,0,0,14
0,13,24,0,0,13
0,12,23,0,0,12
0,11,22,0,0,11
0,10,21,0,0,10
0,9,20,0,0,9
0,8,19,0,0,8
0,7,18,0,0,7
0,6,17,0,0,6
0,5,16,0,0,5
0,4,15,0,0,4
0,3,14,0,0,3
0,2,13,0,0,2
0,1,12,0,0,1
8,96,107,0,0,96
7,95,106,0,0,95
6,94,105,0,0,94
5,93,104,0,0,93
4,92,103,0,0,92
3,91,102,0,0,91
2,90,101,0,0,90
1,89,100,0,0,89
9,97,108,1,0,1
10,98,109,2,1,1
0,96,107,0,8,8
0,95,106,0,7,7
0,94,105,0,6,6
0,93,104,0,5,5
0,92,103,0,4,4
0,91,102,0,3,3
0,90,101,0,2,2
0,89,100,0,1,1
0,97,108,1,9,1
1,98,109,2,10,2
86,0,0,10,0,10
85,0,0,9,0,9
84,0,0,8,0,8
83,0,0,7,0,7
82,0,0,6,0,6
81,0,0,5,0,5
80,0,0,4,0,4
79,0,0,3,0,3
78,0,0,2,0,2
77,0,0,1,0,1
96,0,10,20,0,10
95,0,9,19,0,9
94,0,8,18,0,8
93,0,7,17,0,7
92,0,6,16,0,6
91,0,5,15,0,5
90,0,4,14,0,4
89,0,3,13,0,3
88,0,2,12,0,2
87,0,1,11,0,1
104,8,18,28,0,8
103,7,17,27,0,7
102,6,16,26,0,6
101,5,15,25,0,5
100,4,14,24,0,4
99,3,13,23,0,3
98,2,12,22,0,2
97,1,11,21,0,1
105,9,19,29,1,1
0,0,0,10,86,10
0,0,0,9,85,9
0,0,0,8,84,8
0,0,0,7,83,7
0,0,0,6,82,6
0,0,0,5,81,5
0,0,0,4,80,4
0,0,0,3,79,3
0,0,0,2,78,2
0,0,0,1,77,1
0,0,10,20,96,20
0,0,9,19,95,19
0,0,8,18,94,18
0,0,7,17,93,17
0,0,6,16,92,16
0,0,5,15,91,15
0,0,4,14,90,14
0,0,3,13,89,13
0,0,2,12,88,12
0,0,1,11,87,11
0,8,18,28,104,28
0,7,17,27,103,27
0,6,16,26,102,26
0,5,15,25,101,25
0,4,14,24,100,24
0,3,13,23,99,23
0,2,12,22,98,22
0,1,11,21,97,21
1,9,19,29,105,29
10,0,154,0,0,10
9,0,153,0,0,9
8,0,152,0,0,8
7,0,151,0,0,7
6,0,150,0,0,6
5,0,149,0,0,5
4,0,148,0,0,4
3,0,147,0,0,3
2,0,146,0,0,2
1,0,145,0,0,1
13,0,157,3,0,3
12,0,156,2,0,2
11,0,155,1,0,1
14,1,158,4,0,1
15,2,159,5,1,1
0,0,154,0,10,10
0,0,153,0,9,9
0,0,152,0,8,8
0,0,151,0,7,7
0,0,150,0,6,6
0,0,149,0,5,5
0,0,148,0,4,4
0,0,147,0,3,3
0,0,146,0,2,2
0,0,145,0,1,1
0,0,157,3,13,3
0,0,156,2,12,2
0,0,155,1,11,1
0,1,158,4,14,4
1,2,159,5,15,5
0,120,31,0,0,31
0,119,30,0,0,30
0,118,29,0,0,29
0,117,28,0,0,28
0,116,27,0,0,27
0,115,26,0,0,26
0,114,25,0,0,25
0,113,24,0,0,24
0,112,23,0,0,23
0,111,22,0,0,22
0,110,21,0,0,21
0,109,20,0,0,20
0,108,19,0,0,19
0,107,18,0,0,18
0,106,17,0,0,17
0,105,16,0,0,16
0,104,15,0,0,15
0,103,14,0,0,14
0,102,13,0,0,13
0,101,12,0,0,12
0,100,11,0,0,11
0,99,10,0,0,10
0,98,9,0,0,9
0,97,8,0,0,8
0,96,7,0,0,7
0,95,6,0,0,6
0,94,5,0,0,5
0,93,4,0,0,4
0,92,3,0,0,3
0,91,2,0,0,2
0,90,1,0,0,1
49,169,80,0,0,49
48,168,79,0,0,48
47,167,78,0,0,47
46,166,77,0,0,46
45,165,76,0,0,45
44,164,75,0,0,44
43,163,74,0,0,43
42,162,73,0,0,42
41,161,72,0,0,41
40,160,71,0,0,40
39,159,70,0,0,39
38,158,69,0,0,38
37,157,68,0,0,37
36,156,67,0,0,36
35,155,66,0,0,35
34,154,65,0,0,34
33,153,64,0,0,33
32,152,63,0,0,32
31,151,62,0,0,31
30,150,61,0,0,30
29,149,60,0,0,29
28,148,59,0,0,28
27,147,58,0,0,27
26,146,57,0,0,26
25,145,56,0,0,25
24,144,55,0,0,24
23,143,54,0,0,23
22,142,53,0,0,22
21,141,52,0,0,21
20,140,51,0,0,20
19,139,50,0,0,19
18,138,49,0,0,18
17,137,48,0,0,17
16,136,47,0,0,16
15,135,46,0,0,15
14,134,45,0,0,14
13,133,44,0,0,13
12,132,43,0,0,12
11,131,42,0,0,11
10,130,41,0,0,10
9,129,40,0,0,9
8,128,39,0,0,8
7,127,38,0,0,7
6,126,37,0,0,6
5,125,36,0,0,5
4,124,35,0,0,4
3,123,34,0,0,3
2,122,33,0,0,2
1,121,32,0,0,1
68,188,99,19,0,19
67,187,98,18,0,18
66,186,97,17,0,17
65,185,96,16,0,16
64,184,95,15,0,15
63,183,94,14,0,14
62,182,93,13,0,13
61,181,92,12,0,12
60,180,91,11,0,11
59,179,90,10,0,10
58,178,89,9,0,9
57,177,88,8,0,8
56,176,87,7,0,7
55,175,86,6,0,6
54,174,85,5,0,5
53,173,84,4,0,4
52,172,83,3,0,3
51,171,82,2,0,2
50,170,81,1,0,1
78,198,109,29,10,10
0,169,80,0,49,49
0,168,79,0,48,48
0,167,78,0,47,47
0,166,77,0,46,46
0,165,76,0,45,45
0,164,75,0,44,44
0,163,74,0,43,43
0,162,73,0,42,42
0,161,72,0,41,41
0,160,71,0,40,40
0,159,70,0,39,39
0,158,69,0,38,38
0,157,68,0,37,37
0,156,67,0,36,36
0,155,66,0,35,35
0,154,65,0,34,34
0,153,64,0,33,33
0,152,63,0,32,32
0,151,62,0,31,31
0,150,61,0,30,30
0,149,60,0,29,29
0,148,59,0,28,28
0,147,58,0,27,27
0,146,57,0,26,26
0,145,56,0,25,25
0,144,55,0,24,24
0,143,54,0,23,23
0,142,53,0,22,22
0,141,52,0,21,21
0,140,51,0,20,20
0,139,50,0,19,19
0,138,49,0,18,18
0,137,48,0,17,17
0,136,47,0,16,16
0,135,46,0,15,15
0,134,45,0,14,14
0,133,44,0,13,13
0,132,43,0,12,12
0,131,42,0,11,11
0,130,41,0,10,10
0,129,40,0,9,9
0,128,39,0,8,8
0,127,38,0,7,7
0,126,37,0,6,6
0,125,36,0,5,5
0,124,35,0,4,4
0,123,34,0,3,3
0,122,33,0,2,2
0,121,32,0,1,1
0,188,99,19,68,19
0,187,98,18,67,18
0,186,97,17,66,17
0,185,96,16,65,16
0,184,95,15,64,15
0,183,94,14,63,14
0,182,93,13,62,13
0,181,92,12,61,12
0,180,91,11,60,11
0,179,90,10,59,10
0,178,89,9,58,9
0,177,88,8,57,8
0,176,87,7,56,7
0,175,86,6,55,6
0,174,85,5,54,5
0,173,84,4,53,4
0,172,83,3,52,3
0,171,82,2,51,2
0,170,81,1,50,1
10,198,109,29,78,29
81,0,0,0,136,81
80,0,0,0,135,80
79,0,0,0,134,79
78,0,0,0,133,78
77,0,0,0,132,77
76,0,0,0,131,76
75,0,0,0,130,75
74,0,0,0,129,74
73,0,0,0,128,73
72,0,0,0,127,72
71,0,0,0,126,71
70,0,0,0,125,70
69,0,0,0,124,69
68,0,0,0,123,68
67,0,0,0,122,67
66,0,0,0,121,66
65,0,0,0,120,65
64,0,0,0,119,64
63,0,0,0,118,63
62,0,0,0,117,62
61,0,0,0,116,61
60,0,0,0,115,60
59,0,0,0,114,59
58,0,0,0,113,58
57,0,0,0,112,57
56,0,0,0,111,56
55,0,0,0,110,55
54,0,0,0,109,54
53,0,0,0,108,53
52,0,0,0,107,52
51,0,0,0,106,51
50,0,0,0,105,50
49,0,0,0,104,49
48,0,0,0,103,48
47,0,0,0,102,47
46,0,0,0,101,46
45,0,0,0,100,45
44,0,0,0,99,44
43,0,0,0,98,43
42,0,0,0,97,42
41,0,0,0,96,41
40,0,0,0,95,40
39,0,0,0,94,39
38,0,0,0,93,38
37,0,0,0,92,37
36,0,0,0,91,36
35,0,0,0,90,35
34,0,0,0,89,34
33,0,0,0,88,33
32,0,0,0,87,32
31,0,0,0,86,31
30,0,0,0,85,30
29,0,0,0,84,29
28,0,0,0,83,28
27,0,0,0,82,27
26,0,0,0,81,26
25,0,0,0,80,25
24,0,0,0,79,24
23,0,0,0,78,23
22,0,0,0,77,22
21,0,0,0,76,21
20,0,0,0,75,20
19,0,0,0,74,19
18,0,0,0,73,18
17,0,0,0,72,17
16,0,0,0,71,16
15,0,0,0,70,15
14,0,0,0,69,14
13,0,0,0,68,13
12,0,0,0,67,12
11,0,0,0,66,11
10,0,0,0,65,10
9,0,0,0,64,9
8,0,0,0,63,8
7,0,0,0,62,7
6,0,0,0,61,6
5,0,0,0,60,5
4,0,0,0,59,4
3,0,0,0,58,3
2,0,0,0,57,2
1,0,0,0,56,1
92,0,0,11,147,11
91,0,0,10,146,10
90,0,0,9,145,9
89,0,0,8,144,8
88,0,0,7,143,7
87,0,0,6,142,6
86,0,0,5,141,5
85,0,0,4,140,4
84,0,0,3,139,3
83,0,0,2,138,2
82,0,0,1,137,1
96,0,4,15,151,4
95,0,3,14,150,3
94,0,2,13,149,2
93,0,1,12,148,1
105,9,13,24,160,13
4,88,0,0,0,4
3,87,0,0,0,3
2,86,0,0,0,2
1,85,0,0,0,1
56,140,0,0,52,56
55,139,0,0,51,55
54,138,0,0,50,54
53,137,0,0,49,53
52,136,0,0,48,52
51,135,0,0,47,51
50,134,0,0,46,50
49,133,0,0,45,49
48,132,0,0,44,48
47,131,0,0,43,47
46,130,0,0,42,46
45,129,0,0,41,45
44,128,0,0,40,44
43,127,0,0,39,43
42,126,0,0,38,42
41,125,0,0,37,41
40,124,0,0,36,40
39,123,0,0,35,39
38,122,0,0,34,38
37,121,0,0,33,37
36,120,0,0,32,36
35,119,0,0,31,35
34,118,0,0,30,34
33,117,0,0,29,33
32,116,0,0,28,32
31,115,0,0,27,31
30,114,0,0,26,30
29,113,0,0,25,29
28,112,0,0,24,28
27,111,0,0,23,27
26,110,0,0,22,26
25,109,0,0,21,25
24,108,0,0,20,24
23,107,0,0,19,23
22,106,0,0,18,22
21,105,0,0,17,21
20,104,0,0,16,20
19,103,0,0,15,19
18,102,0,0,14,18
17,101,0,0,13,17
16,100,0,0,12,16
15,99,0,0,11,15
14,98,0,0,10,14
13,97,0,0,9,13
12,96,0,0,8,12
11,95,0,0,7,11
10,94,0,0,6,10
9,93,0,0,5,9
8,92,0,0,4,4
7,91,0,0,3,3
6,90,0,0,2,2
5,89,0,0,1,1
160,244,104,0,156,244
159,243,103,0,155,243
158,242,102,0,154,242
157,241,101,0,153,241
156,240,100,0,152,240
155,239,99,0,151,239
154,238,98,0,150,238
153,237,97,0,149,237
152,236,96,0,148,236
151,235,95,0,147,235
150,234,94,0,146,234
149,233,93,0,145,233
148,232,92,0,144,232
147,231,91,0,143,231
146,230,90,0,142,230
145,229,89,0,141,229
144,228,88,0,140,228
143,227,87,0,139,227
142,226,86,0,138,226
141,225,85,0,137,225
140,224,84,0,136,224
139,223,83,0,135,223
138,222,82,0,134,222
137,221,81,0,133,221
136,220,80,0,132,220
135,219,79,0,131,219
134,218,78,0,130,218
133,217,77,0,129,217
132,216,76,0,128,216
131,215,75,0,127,215
130,214,74,0,126,214
129,213,73,0,125,213
128,212,72,0,124,212
127,211,71,0,123,211
126,210,70,0,122,210
125,209,69,0,121,209
124,208,68,0,120,208
123,207,67,0,119,207
122,206,66,0,118,206
121,205,65,0,117,205
120,204,64,0,116,204
119,203,63,0,115,203
118,202,62,0,114,202
117,201,61,0,113,201
116,200,60,0,112,200
115,199,59,0,111,199
114,198,58,0,110,114
113,197,57,0,109,113
112,196,56,0,108,112
111,195,55,0,107,111
110,194,54,0,106,110
109,193,53,0,105,109
108,192,52,0,104,108
107,191,51,0,103,107
106,190,50,0,102,106
105,189,49,0,101,105
104,188,48,0,100,104
103,187,47,0,99,103
102,186,46,0,98,102
101,185,45,0,97,101
100,184,44,0,96,100
99,183,43,0,95,99
98,182,42,0,94,98
97,181,41,0,93,97
96,180,40,0,92,96
95,179,39,0,91,95
94,178,38,0,90,94
93,177,37,0,89,37
92,176,36,0,88,36
91,175,35,0,87,35
90,174,34,0,86,34
89,173,33,0,85,33
88,172,32,0,84,32
87,171,31,0,83,31
86,170,30,0,82,30
85,169,29,0,81,29
84,168,28,0,80,28
83,167,27,0,79,27
82,166,26,0,78,26
81,165,25,0,77,25
80,164,24,0,76,24
79,163,23,0,75,23
78,162,22,0,74,22
77,161,21,0,73,21
76,160,20,0,72,20
75,159,19,0,71,19
74,158,18,0,70,18
73,157,17,0,69,17
72,156,16,0,68,16
71,155,15,0,67,15
70,154,14,0,66,14
69,153,13,0,65,13
68,152,12,0,64,12
67,151,11,0,63,11
66,150,10,0,62,10
65,149,9,0,61,9
64,148,8,0,60,8
63,147,7,0,59,7
62,146,6,0,58,6
61,145,5,0,57,5
60,144,4,0,56,4
59,143,3,0,55,3
58,142,2,0,54,2
57,141,1,0,53,1
215,299,159,55,211,55
0,0,0,88,4,4
0,0,0,87,3,3
0,0,0,86,2,2
0,0,0,85,1,1
0,0,52,140,56,52
0,0,51,139,55,51
0,0,50,138,54,50
0,0,49,137,53,49
0,0,48,136,52,48
0,0,47,135,51,47
0,0,46,134,50,46
0,0,45,133,49,45
0,0,44,132,48,44
0,0,43,131,47,43
0,0,42,130,46,42
0,0,41,129,45,41
0,0,40,128,44,40
0,0,39,127,43,39
0,0,38,126,42,38
0,0,37,125,41,37
0,0,36,124,40,36
0,0,35,123,39,35
0,0,34,122,38,34
0,0,33,121,37,33
0,0,32,120,36,32
0,0,31,119,35,31
0,0,30,118,34,30
0,0,29,117,33,29
0,0,28,116,32,28
0,0,27,115,31,27
0,0,26,114,30,26
0,0,25,113,29,25
0,0,24,112,28,24
0,0,23,111,27,23
0,0,22,110,26,22
0,0,21,109,25,21
0,0,20,108,24,20
0,0,19,107,23,19
0,0,18,106,22,18
0,0,17,105,21,17
0,0,16,104,20,16
0,0,15,103,19,15
0,0,14,102,18,14
0,0,13,101,17,13
0,0,12,100,16,12
0,0,11,99,15,11
0,0,10,98,14,10
0,0,9,97,13,9
0,0,8,96,12,8
0,0,7,95,11,7
0,0,6,94,10,6
0,0,5,93,9,5
0,0,4,92,8,4
0,0,3,91,7,3
0,0,2,90,6,2
0,0,1,89,5,1
104,0,156,244,160,244
103,0,155,243,159,243
102,0,154,242,158,242
101,0,153,241,157,241
100,0,152,240,156,240
99,0,151,239,155,239
98,0,150,238,154,238
97,0,149,237,153,237
96,0,148,236,152,236
95,0,147,235,151,235
94,0,146,234,150,234
93,0,145,233,149,233
92,0,144,232,148,232
91,0,143,231,147,231
90,0,142,230,146,230
89,0,141,229,145,229
88,0,140,228,144,228
87,0,139,227,143,227
86,0,138,226,142,226
85,0,137,225,141,225
84,0,136,224,140,224
83,0,135,223,139,223
82,0,134,222,138,222
81,0,133,221,137,221
80,0,132,220,136,220
79,0,131,219,135,219
78,0,130,218,134,218
77,0,129,217,133,217
76,0,128,216,132,216
75,0,127,215,131,215
74,0,126,214,130,214
73,0,125,213,129,213
72,0,124,212,128,212
71,0,123,211,127,211
70,0,122,210,126,210
69,0,121,209,125,209
68,0,120,208,124,208
67,0,119,207,123,207
66,0,118,206,122,206
65,0,117,205,121,205
64,0,116,204,120,204
63,0,115,203,119,203
62,0,114,202,118,202
61,0,113,201,117,201
60,0,112,200,116,200
59,0,111,199,115,199
58,0,110,198,114,198
57,0,109,197,113,197
56,0,108,196,112,196
55,0,107,195,111,195
54,0,106,194,110,194
53,0,105,193,109,193
52,0,104,192,108,192
51,0,103,191,107,191
50,0,102,190,106,190
49,0,101,189,105,189
48,0,100,188,104,188
47,0,99,187,103,187
46,0,98,186,102,186
45,0,97,185,101,185
44,0,96,184,100,184
43,0,95,183,99,183
42,0,94,182,98,182
41,0,93,181,97,181
40,0,92,180,96,180
39,0,91,179,95,179
38,0,90,178,94,178
37,0,89,177,93,177
36,0,88,176,92,176
35,0,87,175,91,175
34,0,86,174,90,174
33,0,85,173,89,173
32,0,84,172,88,172
31,0,83,171,87,171
30,0,82,170,86,170
29,0,81,169,85,169
28,0,80,168,84,80
27,0,79,167,83,79
26,0,78,166,82,78
25,0,77,165,81,77
24,0,76,164,80,76
23,0,75,163,79,75
22,0,74,162,78,74
21,0,73,161,77,73
20,0,72,160,76,72
19,0,71,159,75,71
18,0,70,158,74,70
17,0,69,157,73,69
16,0,68,156,72,68
15,0,67,155,71,67
14,0,66,154,70,66
13,0,65,153,69,65
12,0,64,152,68,64
11,0,63,151,67,63
10,0,62,150,66,62
9,0,61,149,65,61
8,0,60,148,64,60
7,0,59,147,63,59
6,0,58,146,62,58
5,0,57,145,61,57
4,0,56,144,60,56
3,0,55,143,59,55
2,0,54,142,58,54
1,0,53,141,57,53
159,55,211,299,215,299
49,69,0,0,0,49
48,68,0,0,0,48
47,67,0,0,0,47
46,66,0,0,0,46
45,65,0,0,0,45
44,64,0,0,0,44
43,63,0,0,0,43
42,62,0,0,0,42
41,61,0,0,0,41
40,60,0,0,0,40
39,59,0,0,0,39
38,58,0,0,0,38
37,57,0,0,0,37
36,56,0,0,0,36
35,55,0,0,0,35
34,54,0,0,0,34
33,53,0,0,0,33
32,52,0,0,0,32
31,51,0,0,0,31
30,50,0,0,0,30
29,49,0,0,0,29
28,48,0,0,0,28
27,47,0,0,0,27
26,46,0,0,0,26
25,45,0,0,0,25
24,44,0,0,0,24
23,43,0,0,0,23
22,42,0,0,0,22
21,41,0,0,0,21
20,40,0,0,0,20
19,39,0,0,0,19
18,38,0,0,0,18
17,37,0,0,0,17
16,36,0,0,0,16
15,35,0,0,0,15
14,34,0,0,0,14
13,33,0,0,0,13
12,32,0,0,0,12
11,31,0,0,0,11
10,30,0,0,0,10
9,29,0,0,0,9
8,28,0,0,0,8
7,27,0,0,0,7
6,26,0,0,0,6
5,25,0,0,0,5
4,24,0,0,0,4
3,23,0,0,0,3
2,22,0,0,0,2
1,21,0,0,0,1
149,169,0,100,0,169
148,168,0,99,0,168
147,167,0,98,0,167
146,166,0,97,0,166
145,165,0,96,0,165
144,164,0,95,0,164
143,163,0,94,0,163
142,162,0,93,0,162
141,161,0,92,0,161
140,160,0,91,0,160
139,159,0,90,0,159
138,158,0,89,0,158
137,157,0,88,0,157
136,156,0,87,0,156
135,155,0,86,0,155
134,154,0,85,0,154
133,153,0,84,0,153
132,152,0,83,0,152
131,151,0,82,0,151
130,150,0,81,0,150
129,149,0,80,0,149
128,148,0,79,0,148
127,147,0,78,0,147
126,146,0,77,0,146
125,145,0,76,0,145
124,144,0,75,0,144
123,143,0,74,0,143
122,142,0,73,0,142
121,141,0,72,0,141
120,140,0,71,0,140
119,139,0,70,0,139
118,138,0,69,0,138
117,137,0,68,0,137
116,136,0,67,0,136
115,135,0,66,0,135
114,134,0,65,0,134
113,133,0,64,0,133
112,132,0,63,0,132
111,131,0,62,0,131
110,130,0,61,0,130
109,129,0,60,0,129
108,128,0,59,0,128
107,127,0,58,0,127
106,126,0,57,0,126
105,125,0,56,0,125
104,124,0,55,0,124
103,123,0,54,0,123
102,122,0,53,0,122
101,121,0,52,0,121
100,120,0,51,0,120
99,119,0,50,0,119
98,118,0,49,0,118
97,117,0,48,0,117
96,116,0,47,0,116
95,115,0,46,0,115
94,114,0,45,0,114
93,113,0,44,0,113
92,112,0,43,0,112
91,111,0,42,0,111
90,110,0,41,0,110
89,109,0,40,0,109
88,108,0,39,0,39
87,107,0,38,0,38
86,106,0,37,0,37
85,105,0,36,0,36
84,104,0,35,0,35
83,103,0,34,0,34
82,102,0,33,0,33
81,101,0,32,0,32
80,100,0,31,0,31
79,99,0,30,0,30
78,98,0,29,0,29
77,97,0,28,0,28
76,96,0,27,0,27
75,95,0,26,0,26
74,94,0,25,0,25
73,93,0,24,0,24
72,92,0,23,0,23
71,91,0,22,0,22
70,90,0,21,0,21
69,89,0,20,0,20
68,88,0,19,0,19
67,87,0,18,0,18
66,86,0,17,0,17
65,85,0,16,0,16
64,84,0,15,0,15
63,83,0,14,0,14
62,82,0,13,0,13
61,81,0,12,0,12
60,80,0,11,0,11
59,79,0,10,0,10
58,78,0,9,0,9
57,77,0,8,0,8
56,76,0,7,0,7
55,75,0,6,0,6
54,74,0,5,0,5
53,73,0,4,0,4
52,72,0,3,0,3
51,71,0,2,0,2
50,70,0,1,0,1
168,188,19,119,0,19
167,187,18,118,0,18
166,186,17,117,0,17
165,185,16,116,0,16
164,184,15,115,0,15
163,183,14,114,0,14
162,182,13,113,0,13
161,181,12,112,0,12
160,180,11,111,0,11
159,179,10,110,0,10
158,178,9,109,0,9
157,177,8,108,0,8
156,176,7,107,0,7
155,175,6,106,0,6
154,174,5,105,0,5
153,173,4,104,0,4
152,172,3,103,0,3
151,171,2,102,0,2
150,170,1,101,0,1
178,198,29,129,10,10
0,69,0,0,49,69
0,68,0,0,48,68
0,67,0,0,47,67
0,66,0,0,46,66
0,65,0,0,45,65
0,64,0,0,44,64
0,63,0,0,43,63
0,62,0,0,42,62
0,61,0,0,41,61
0,60,0,0,40,60
0,59,0,0,39,59
0,58,0,0,38,58
0,57,0,0,37,57
0,56,0,0,36,56
0,55,0,0,35,55
0,54,0,0,34,54
0,53,0,0,33,53
0,52,0,0,32,52
0,51,0,0,31,51
0,50,0,0,30,50
0,49,0,0,29,49
0,48,0,0,28,48
0,47,0,0,27,47
0,46,0,0,26,46
0,45,0,0,25,45
0,44,0,0,24,44
0,43,0,0,23,43
0,42,0,0,22,42
0,41,0,0,21,41
0,40,0,0,20,20
0,39,0,0,19,19
0,38,0,0,18,18
0,37,0,0,17,17
0,36,0,0,16,16
0,35,0,0,15,15
0,34,0,0,14,14
0,33,0,0,13,13
0,32,0,0,12,12
0,31,0,0,11,11
0,30,0,0,10,10
0,29,0,0,9,9
0,28,0,0,8,8
0,27,0,0,7,7
0,26,0,0,6,6
0,25,0,0,5,5
0,24,0,0,4,4
0,23,0,0,3,3
0,22,0,0,2,2
0,21,0,0,1,1
0,169,0,100,149,169
0,168,0,99,148,168
0,167,0,98,147,167
0,166,0,97,146,166
0,165,0,96,145,165
0,164,0,95,144,164
0,163,0,94,143,163
0,162,0,93,142,162
0,161,0,92,141,161
0,160,0,91,140,160
0,159,0,90,139,159
0,158,0,89,138,158
0,157,0,88,137,157
0,156,0,87,136,156
0,155,0,86,135,155
0,154,0,85,134,154
0,153,0,84,133,153
0,152,0,83,132,152
0,151,0,82,131,151
0,150,0,81,130,150
0,149,0,80,129,149
0,148,0,79,128,148
0,147,0,78,127,147
0,146,0,77,126,146
0,145,0,76,125,145
0,144,0,75,124,144
0,143,0,74,123,143
0,142,0,73,122,142
0,141,0,72,121,141
0,140,0,71,120,140
0,139,0,70,119,139
0,138,0,69,118,138
0,137,0,68,117,137
0,136,0,67,116,136
0,135,0,66,115,135
0,134,0,65,114,134
0,133,0,64,113,133
0,132,0,63,112,132
0,131,0,62,111,131
0,130,0,61,110,130
0,129,0,60,109,129
0,128,0,59,108,128
0,127,0,58,107,127
0,126,0,57,106,126
0,125,0,56,105,125
0,124,0,55,104,124
0,123,0,54,103,123
0,122,0,53,102,122
0,121,0,52,101,121
0,120,0,51,100,120
0,119,0,50,99,119
0,118,0,49,98,118
0,117,0,48,97,117
0,116,0,47,96,116
0,115,0,46,95,115
0,114,0,45,94,114
0,113,0,44,93,113
0,112,0,43,92,112
0,111,0,42,91,111
0,110,0,41,90,110
0,109,0,40,89,109
0,108,0,39,88,108
0,107,0,38,87,107
0,106,0,37,86,106
0,105,0,36,85,105
0,104,0,35,84,104
0,103,0,34,83,34
0,102,0,33,82,33
0,101,0,32,81,32
0,100,0,31,80,31
0,99,0,30,79,30
0,98,0,29,78,29
0,97,0,28,77,28
0,96,0,27,76,27
0,95,0,26,75,26
0,94,0,25,74,25
0,93,0,24,73,24
0,92,0,23,72,23
0,91,0,22,71,22
0,90,0,21,70,21
0,89,0,20,69,20
0,88,0,19,68,19
0,87,0,18,67,18
0,86,0,17,66,17
0,85,0,16,65,16
0,84,0,15,64,15
0,83,0,14,63,14
0,82,0,13,62,13
0,81,0,12,61,12
0,80,0,11,60,11
0,79,0,10,59,10
0,78,0,9,58,9
0,77,0,8,57,8
0,76,0,7,56,7
0,75,0,6,55,6
0,74,0,5,54,5
0,73,0,4,53,4
0,72,0,3,52,3
0,71,0,2,51,2
0,70,0,1,50,1
0,188,19,119,168,19
0,187,18,118,167,18
0,186,17,117,166,17
0,185,16,116,165,16
0,184,15,115,164,15
0,183,14,114,163,14
0,182,13,113,162,13
0,181,12,112,161,12
0,180,11,111,160,11
0,179,10,110,159,10
0,178,9,109,158,9
0,177,8,108,157,8
0,176,7,107,156,7
0,175,6,106,155,6
0,174,5,105,154,5
0,173,4,104,153,4
0,172,3,103,152,3
0,171,2,102,151,2
0,170,1,101,150,1
10,198,29,129,178,29
89,0,0,8,0,8
88,0,0,7,0,7
87,0,0,6,0,6
86,0,0,5,0,5
85,0,0,4,0,4
84,0,0,3,0,3
83,0,0,2,0,2
82,0,0,1,0,1
92,0,0,11,3,3
91,0,0,10,2,2
90,0,0,9,1,1
96,0,4,15,7,4
95,0,3,14,6,3
94,0,2,13,5,2
93,0,1,12,4,1
105,9,13,24,16,13
0,0,0,8,89,8
0,0,0,7,88,7
0,0,0,6,87,6
0,0,0,5,86,5
0,0,0,4,85,4
0,0,0,3,84,3
0,0,0,2,83,2
0,0,0,1,82,1
0,0,3,11,92,11
0,0,2,10,91,10
0,0,1,9,90,9
0,4,7,15,96,15
0,3,6,14,95,14
0,2,5,13,94,13
0,1,4,12,93,12
9,13,16,24,105,24
0,110,1149,0,0,110
0,109,1148,0,0,109
0,108,1147,0,0,108
0,107,1146,0,0,107
0,106,1145,0,0,106
0,105,1144,0,0,105
0,104,1143,0,0,104
0,103,1142,0,0,103
0,102,1141,0,0,102
0,101,1140,0,0,101
0,100,1139,0,0,100
0,99,1138,0,0,99
0,98,1137,0,0,98
0,97,1136,0,0,97
0,96,1135,0,0,96
0,95,1134,0,0,95
0,94,1133,0,0,94
0,93,1132,0,0,93
0,92,1131,0,0,92
0,91,1130,0,0,91
0,90,1129,0,0,90
0,89,1128,0,0,89
0,88,1127,0,0,88
0,87,1126,0,0,87
0,86,1125,0,0,86
0,85,1124,0,0,85
0,84,1123,0,0,84
0,83,1122,0,0,83
0,82,1121,0,0,82
0,81,1120,0,0,81
0,80,1119,0,0,80
0,79,1118,0,0,79
0,78,1117,0,0,78
0,77,1116,0,0,77
0,76,1115,0,0,76
0,75,1114,0,0,75
0,74,1113,0,0,74
0,73,1112,0,0,73
0,72,1111,0,0,72
0,71,1110,0,0,71
0,70,1109,0,0,70
0,69,1108,0,0,69
0,68,1107,0,0,68
0,67,1106,0,0,67
0,66,1105,0,0,66
0,65,1104,0,0,65
0,64,1103,0,0,64
0,63,1102,0,0,63
0,62,1101,0,0,62
0,61,1100,0,0,61
0,60,1099,0,0,60
0,59,1098,0,0,59
0,58,1097,0,0,58
0,57,1096,0,0,57
0,56,1095,0,0,56
0,55,1094,0,0,55
0,54,1093,0,0,54
0,53,1092,0,0,53
0,52,1091,0,0,52
0,51,1090,0,0,51
0,50,1089,0,0,50
0,49,1088,0,0,49
0,48,1087,0,0,48
0,47,1086,0,0,47
0,46,1085,0,0,46
0,45,1084,0,0,45
0,44,1083,0,0,44
0,43,1082,0,0,43
0,42,1081,0,0,42
0,41,1080,0,0,41
0,40,1079,0,0,40
0,39,1078,0,0,39
0,38,1077,0,0,38
0,37,1076,0,0,37
0,36,1075,0,0,36
0,35,1074,0,0,35
0,34,1073,0,0,34
0,33,1072,0,0,33
0,32,1071,0,0,32
0,31,1070,0,0,31
0,30,1069,0,0,30
0,29,1068,0,0,29
0,28,1067,0,0,28
0,27,1066,0,0,27
0,26,1065,0,0,26
0,25,1064,0,0,25
0,24,1063,0,0,24
0,23,1062,0,0,23
0,22,1061,0,0,22
0,21,1060,0,0,21
0,20,1059,0,0,20
0,19,1058,0,0,19
0,18,1057,0,0,18
0,17,1056,0,0,17
0,16,1055,0,0,16
0,15,1054,0,0,15
0,14,1053,0,0,14
0,13,1052,0,0,13
0,12,1051,0,0,12
0,11,1050,0,0,11
0,10,1049,0,0,10
0,9,1048,0,0,9
0,8,1047,0,0,8
0,7,1046,0,0,7
0,6,1045,0,0,6
0,5,1044,0,0,5
0,4,1043,0,0,4
0,3,1042,0,0,3
0,2,1041,0,0,2
0,1,1040,0,0,1
5,115,1154,0,0,115
4,114,1153,0,0,114
3,113,1152,0,0,113
2,112,1151,0,0,112
1,111,1150,0,0,111
9,119,1158,4,0,4
8,118,1157,3,0,3
7,117,1156,2,0,2
6,116,1155,1,0,1
10,120,1159,5,1,1
0,30,0,46,0,30
0,29,0,45,0,29
0,28,0,44,0,28
0,27,0,43,0,27
0,26,0,42,0,26
0,25,0,41,0,25
0,24,0,40,0,24
0,23,0,39,0,23
0,22,0,38,0,22
0,21,0,37,0,21
0,20,0,36,0,20
0,19,0,35,0,19
0,18,0,34,0,18
0,17,0,33,0,17
0,16,0,32,0,16
0,15,0,31,0,15
0,14,0,30,0,14
0,13,0,29,0,13
0,12,0,28,0,12
0,11,0,27,0,11
0,10,0,26,0,10
0,9,0,25,0,9
0,8,0,24,0,8
0,7,0,23,0,7
0,6,0,22,0,6
0,5,0,21,0,5
0,4,0,20,0,4
0,3,0,19,0,3
0,2,0,18,0,2
0,1,0,17,0,1
0,50,20,66,0,50
0,49,19,65,0,49
0,48,18,64,0,48
0,47,17,63,0,47
0,46,16,62,0,46
0,45,15,61,0,15
0,44,14,60,0,14
0,43,13,59,0,13
0,42,12,58,0,12
0,41,11,57,0,11
0,40,10,56,0,10
0,39,9,55,0,9
0,38,8,54,0,8
0,37,7,53,0,7
0,36,6,52,0,6
0,35,5,51,0,5
0,34,4,50,0,4
0,33,3,49,0,3
0,32,2,48,0,2
0,31,1,47,0,1
34,84,54,100,0,84
33,83,53,99,0,83
32,82,52,98,0,82
31,81,51,97,0,81
30,80,50,96,0,80
29,79,49,95,0,79
28,78,48,94,0,78
27,77,47,93,0,77
26,76,46,92,0,76
25,75,45,91,0,75
24,74,44,90,0,74
23,73,43,89,0,73
22,72,42,88,0,72
21,71,41,87,0,71
20,70,40,86,0,70
19,69,39,85,0,69
18,68,38,84,0,68
17,67,37,83,0,67
16,66,36,82,0,66
15,65,35,81,0,65
14,64,34,80,0,64
13,63,33,79,0,63
12,62,32,78,0,62
11,61,31,77,0,61
10,60,30,76,0,60
9,59,29,75,0,59
8,58,28,74,0,58
7,57,27,73,0,57
6,56,26,72,0,56
5,55,25,71,0,55
4,54,24,70,0,54
3,53,23,69,0,53
2,52,22,68,0,52
1,51,21,67,0,51
35,85,55,101,1,1
110,8,0,0,0,8
109,7,0,0,0,7
108,6,0,0,0,6
107,5,0,0,0,5
106,4,0,0,0,4
105,3,0,0,0,3
104,2,0,0,0,2
103,1,0,0,0,1
112,10,0,2,0,2
111,9,0,1,0,1
124,22,12,14,0,12
123,21,11,13,0,11
122,20,10,12,0,10
121,19,9,11,0,9
120,18,8,10,0,8
119,17,7,9,0,7
118,16,6,8,0,6
117,15,5,7,0,5
116,14,4,6,0,4
115,13,3,5,0,3
114,12,2,4,0,2
113,11,1,3,0,1
125,23,13,15,1,1
